{
    "kango_version": "1.3.9 5f7ad87d19fe", 
    "content_scripts": [], 
    "description": "UAG player tracker", 
    "creator": "left", 
    "kango_package_id": "dev", 
    "background_scripts": [
        "js/jQuery-2.1.1.min.js", 
        "main.js"
    ], 
    "homepage_url": "http://kangoextensions.com/", 
    "version": "0.9.0", 
    "browser_button": {
        "caption": "Player tracker", 
        "tooltipText": "player tracker", 
        "icon": "icons/button.png"
    }, 
    "id": "oiiebjjjfnfblfkabkkfihegnijkcocj", 
    "name": "player-tracker"
}