{
    "content_scripts": [], 
    "description": "UAG Player Tracker", 
    "creator": "left", 
    "framework_version": "1.7.1 067e3115fc11", 
    "background_scripts": [
        "lib/require.js", 
        "app.js"
    ], 
    "homepage_url": "http://kangoextensions.com/", 
    "version": "0.9.0", 
    "framework_package_id": "dev", 
    "browser_button": {
        "caption": "Player Tracker", 
        "tooltipText": "Player Tracker", 
        "icon": "icons/button.png"
    }, 
    "id": "oiiebjjjfnfblfkabkkfihegnijkcocj", 
    "name": "player-tracker"
}